"SA","EP","WP","NA","PTP","AF","NT"
510.751604835012,641.700041170189,473.393398633324,622.961399315356,3840.63135203895,703.544595545663,587.176580773299
