"SA","EP","WP","NA","PTP","AF","NT"
10580008.3360547,18937819.5663005,29799003.987793,22901159.7248625,3951197.52522766,20514011.5107242,19134411.3483794
